Customer Id,First Name,Last Name,City,Country,Email,Subscription Date,Year,Month,Day
DD37Cf93aecA6Dc,Sheryl,Baxter,East Leonard,Chile,zunigavanessa@smith.info,2020-08-24,2020,8,24
1Ef7b82A4CAAD10,Preston,Lozano,East Jimmychester,Djibouti,vmata@colon.com,2021-04-23,2021,4,23
6F94879bDAfE5a6,Roy,Berry,Isabelborough,Antigua and Barbuda,beckycarr@hogan.com,2020-03-25,2020,3,25
5Cef8BFA16c5e3c,Linda,Olsen,Bensonview,Dominican Republic,stanleyblackwell@benson.org,2020-06-02,2020,6,2
053d585Ab6b3159,Joanna,Bender,West Priscilla,Slovakia (Slovak Republic),colinalvarado@miles.net,2021-04-17,2021,4,17
2d08FB17EE273F4,Aimee,Downs,Chavezborough,Bosnia and Herzegovina,louis27@gilbert.com,2020-02-25,2020,2,25
EA4d384DfDbBf77,Darren,Peck,Lake Ana,Pitcairn Islands,tgates@cantrell.com,2021-08-24,2021,8,24
0e04AFde9f225dE,Brett,Mullen,Kimport,Bulgaria,asnow@colon.com,2021-04-12,2021,4,12
C2dE4dEEc489ae0,Sheryl,Meyers,Robersonstad,Cyprus,mariokhan@ryan-pope.org,2020-01-13,2020,1,13
8C2811a503C7c5a,Michelle,Gallagher,Elaineberg,Timor-Leste,mdyer@escobar.net,2021-11-08,2021,11,8
216E205d6eBb815,Carl,Schroeder,Shannonville,Guernsey,kirksalas@webb.com,2021-10-20,2021,10,20
CEDec94deE6d69B,Jenna,Dodson,East Andrea,Vietnam,mark42@robbins.com,2020-11-29,2020,11,29
e35426EbDEceaFF,Tracey,Mata,South Joannamouth,Togo,alex56@walls.org,2021-12-02,2021,12,2
A08A8aF8BE9FaD4,Kristine,Cox,Jodyberg,Sri Lanka,holdenmiranda@clarke.com,2021-02-08,2021,2,8
6fEaA1b7cab7B6C,Faith,Lutz,Burchbury,Singapore,cassieparrish@blevins-chapman.net,2022-01-26,2022,1,26
8cad0b4CBceaeec,Miranda,Beasley,Desireeshire,Oman,vduncan@parks-hardy.com,2022-04-12,2022,4,12
a5DC21AE3a21eaA,Caroline,Foley,West Adriennestad,Western Sahara,holtgwendolyn@watson-davenport.com,2021-03-10,2021,3,10
F8Aa9d6DfcBeeF8,Greg,Mata,Lake Leslie,Mozambique,jaredjuarez@carroll.org,2022-03-26,2022,3,26
F160f5Db3EfE973,Clifford,Jacobson,Harmonview,South Georgia and the South Sandwich Islands,joseph26@jacobson.com,2020-09-24,2020,9,24
0F60FF3DdCd7aB0,Joanna,Kirk,Jamesshire,French Polynesia,tuckerangie@salazar.net,2021-09-24,2021,9,24
9F9AdB7B8A6f7F2,Maxwell,Frye,East Carly,Malta,fgibson@drake-webb.com,2022-01-12,2022,1,12
FBd0Ded4F02a742,Kiara,Houston,South Alvin,Netherlands,blanchardbob@wallace-shannon.com,2020-09-15,2020,9,15
2FB0FAA1d429421,Colleen,Howard,Brittanyview,Paraguay,rsingleton@ryan-cherry.com,2020-08-19,2020,8,19
010468dAA11382c,Janet,Valenzuela,Veronicamouth,Lao People's Democratic Republic,stefanie71@spence.com,2020-09-08,2020,9,8
eC1927Ca84E033e,Shane,Wilcox,Bryanville,Albania,mariah88@santos.com,2021-04-06,2021,4,6
09D7D7C8Fe09aea,Marcus,Moody,Kaitlyntown,Panama,donnamullins@norris-barrett.org,2022-05-24,2022,5,24
aBdfcF2c50b0bfD,Dakota,Poole,Michealshire,Belarus,stacey67@fields.org,2022-02-20,2022,2,20
b92EBfdF8a3f0E6,Frederick,Harper,South Marissatown,Switzerland,jacobkhan@bright.biz,2022-05-26,2022,5,26
3B5dAAFA41AFa22,Stefanie,Fitzpatrick,Acevedoville,Saint Vincent and the Grenadines,wterrell@clark.com,2020-07-30,2020,7,30
EDA69ca7a6e96a2,Kent,Bradshaw,North Harold,Tanzania,qjimenez@boyd.com,2020-04-26,2020,4,26
64DCcDFaB9DFd4e,Jack,Tate,West Samuel,Zimbabwe,gfigueroa@boone-zavala.com,2021-09-15,2021,9,15
679c6c83DD872d6,Tom,Trujillo,Cunninghamborough,Denmark,tapiagreg@beard.info,2022-01-13,2022,1,13
7Ce381e4Afa4ba9,Gabriel,Mejia,Port Annatown,Liechtenstein,coleolson@jennings.net,2021-04-24,2021,4,24
A09AEc6E3bF70eE,Kaitlyn,Santana,New Kaitlyn,United States of America,georgeross@miles.org,2021-09-21,2021,9,21
aA9BAFfBc3710fe,Faith,Moon,West Marthaburgh,Bahamas,willistonya@randolph-baker.com,2021-11-03,2021,11,3
E11dfb2DB8C9f72,Tammie,Haley,East Teresa,Belize,harrisisaiah@jenkins.com,2022-01-04,2022,1,4
889eCf90f68c5Da,Nicholas,Sosa,South Hunter,Uruguay,fwolfe@dorsey.com,2021-08-10,2021,8,10
7a1Ee69F4fF4B4D,Jordan,Gay,South Walter,Solomon Islands,tiffanydavies@harris-mcfarland.org,2021-02-24,2021,2,24
dca4f1D0A0fc5c9,Bruce,Esparza,Poolefurt,Montenegro,preese@frye-vega.com,2021-10-22,2021,10,22
17aD8e2dB3df03D,Sherry,Garza,West John,Poland,ann48@miller.com,2021-11-01,2021,11,1
2f79Cd309624Abb,Natalie,Gentry,West Darius,Dominican Republic,tcummings@fitzpatrick-ashley.com,2020-10-10,2020,10,10
6e5ad5a5e2bB5Ca,Bryan,Dunn,North Jimstad,Burkina Faso,woodwardandres@phelps.com,2021-09-08,2021,9,8
7E441b6B228DBcA,Wayne,Simpson,East Rebekahborough,Bolivia,barbarapittman@holder.com,2020-12-13,2020,12,13
D3fC11A9C235Dc6,Luis,Greer,North Drew,Bulgaria,bstuart@williamson-mcclure.com,2022-05-15,2022,5,15
30Dfa48fe5Ede78,Rhonda,Frost,Lake Lindaburgh,Monaco,zkrueger@wolf-chavez.net,2021-12-06,2021,12,6
fD780ED8dbEae7B,Joanne,Montes,Gwendolynview,Palau,juan80@henson.net,2020-07-01,2020,7,1
300A40d3ce24bBA,Geoffrey,Guzman,Zimmermanland,Uzbekistan,bauercrystal@gay.com,2020-04-23,2020,4,23
283DFCD0Dba40aF,Gloria,Mccall,North Kerriton,Ghana,bartlettjenna@zuniga-moss.biz,2022-03-11,2022,3,11
F4Fc91fEAEad286,Brady,Cohen,North Eileenville,United Arab Emirates,mccalltyrone@durham-rose.biz,2022-03-10,2022,3,10
80F33Fd2AcebF05,Latoya,Mccann,Port Sergiofort,Belarus,bobhammond@barry.biz,2021-12-02,2021,12,2
Aa20BDe68eAb0e9,Gerald,Hawkins,New Alberttown,Canada,uwarner@steele-arias.com,2021-03-19,2021,3,19
e898eEB1B9FE22b,Samuel,Crawford,South Jasmine,Algeria,xpittman@ritter-carney.net,2021-03-27,2021,3,27
faCEF517ae7D8eB,Patricia,Goodwin,Cowanfort,Swaziland,vaughanchristy@lara.biz,2021-03-08,2021,3,8
c09952De6Cda8aA,Stacie,Richard,New Deborah,Madagascar,clinton85@colon-arias.org,2020-10-15,2020,10,15
f3BEf3Be028166f,Robin,West,Wallstown,Ecuador,greenemiranda@zimmerman.com,2022-01-13,2022,1,13
C6F2Fc6a7948a4e,Ralph,Haas,Lake Ellenchester,Palestinian Territory,goodmancesar@figueroa.biz,2020-05-25,2020,5,25
c8FE57cBBdCDcb2,Phyllis,Maldonado,Lake Whitney,Saint Barthelemy,yhanson@warner-diaz.org,2021-01-25,2021,1,25
B5acdFC982124F2,Danny,Parrish,East Jaredbury,United Arab Emirates,howelldarren@house-cohen.com,2021-03-17,2021,3,17
8c7DdF10798bCC3,Kathy,Hill,Selenabury,South Georgia and the South Sandwich Islands,ncamacho@boone-simmons.org,2020-11-15,2020,11,15
C681dDd0cc422f7,Kelli,Hardy,Huangfort,Sao Tome and Principe,kristopher62@oliver.com,2020-12-20,2020,12,20
a940cE42e035F28,Lynn,Pham,East Pennyshire,Portugal,mpham@rios-guzman.com,2020-08-21,2020,8,21
9Cf5E6AFE0aeBfd,Shelley,Harris,Port Jasminborough,Togo,zachary96@mitchell-bryant.org,2020-12-10,2020,12,10
aEcbe5365BbC67D,Eddie,Jimenez,West Kristine,Ethiopia,kristiwhitney@bernard.com,2022-03-24,2022,3,24
FCBdfCEAe20A8Dc,Chloe,Hutchinson,South Julia,Netherlands,leah85@sutton-terrell.com,2022-05-15,2022,5,15
636cBF0835E10ff,Eileen,Lynch,Helenborough,Liberia,levigiles@vincent.com,2021-01-02,2021,1,2
fF1b6c9E8Fbf1ff,Fernando,Lambert,Lake Nancy,Lithuania,fisherlinda@schaefer.net,2021-04-23,2021,4,23
2A13F74EAa7DA6c,Makayla,Cannon,Georgeport,New Caledonia,scottcurtis@hurley.biz,2020-01-20,2020,1,20
a014Ec1b9FccC1E,Tom,Alvarado,South Sophiaberg,Kiribati,nicholsonnina@montgomery.info,2020-08-18,2020,8,18
421a109cABDf5fa,Virginia,Dudley,Hartbury,French Southern Territories,zvalencia@phelps.com,2021-01-31,2021,1,31
CC68FD1D3Bbbf22,Riley,Good,Erikaville,Canada,alex06@galloway.com,2020-02-03,2020,2,3
CBCd2Ac8E3eBDF9,Alexandria,Buck,Nicolasfort,Iran,lee48@manning.com,2021-02-20,2021,2,20
Ef859092FbEcC07,Richard,Roth,New Jasmineshire,Morocco,aharper@maddox-townsend.org,2020-02-23,2020,2,23
F560f2d3cDFb618,Candice,Keller,East Summerstad,Zimbabwe,buckleycory@odonnell.net,2020-08-22,2020,8,22
A3F76Be153Df4a3,Anita,Benson,Skinnerport,Russian Federation,angie04@oconnell.com,2020-02-09,2020,2,9
D01Af0AF7cBbFeA,Regina,Stein,Raystad,Solomon Islands,zrosario@rojas-hardin.net,2022-01-15,2022,1,15
d40e89dCade7b2F,Debra,Riddle,Colinhaven,United States Virgin Islands,shieldskerry@robles.com,2020-07-11,2020,7,11
BF6a1f9bd1bf8DE,Brittany,Zuniga,West Reginald,Kyrgyz Republic,mchandler@cochran-huerta.org,2021-07-24,2021,7,24
FfaeFFbbbf280db,Cassidy,Mcmahon,Lake Sherryborough,Myanmar,katrinalane@fitzgerald.com,2020-10-21,2020,10,21
CbAE1d1e9a8dCb1,Laurie,Pennington,Port Katherineville,Dominica,cookejill@powell.com,2020-06-08,2020,6,8
A7F85c1DE4dB87f,Alejandro,Blair,Thomasland,Iceland,elizabethbarr@ewing.com,2020-09-19,2020,9,19
D6CEAfb3BDbaa1A,Leslie,Jennings,Coreybury,Micronesia,corey75@wiggins.com,2021-11-13,2021,11,13
Ebdb6F6F7c90b69,Kathleen,Mckay,Lake Janiceton,Saint Vincent and the Grenadines,chloelester@higgins-wilkinson.com,2021-09-12,2021,9,12
E8E7e8Cfe516ef0,Hunter,Moreno,East Clinton,Isle of Man,isaac26@benton-finley.com,2020-12-28,2020,12,28
78C06E9b6B3DF20,Chad,Davidson,South Joshuashire,Oman,justinwalters@jimenez.com,2021-11-15,2021,11,15
03A1E62ADdeb31c,Corey,Holt,New Glenda,Fiji,maurice46@morgan.com,2020-02-18,2020,2,18
C6763c99d0bd16D,Emma,Cunningham,North Jillianview,New Zealand,walter83@juarez.org,2022-05-13,2022,5,13
ebe77E5Bf9476CE,Duane,Woods,Lyonsberg,Maldives,kmercer@wagner.com,2020-07-21,2020,7,21
E4Bbcd8AD81fC5f,Alison,Vargas,East Cristinabury,Benin,vcantu@norton.com,2020-11-10,2020,11,10
efeb73245CDf1fF,Vernon,Kane,Thomasfurt,Yemen,hilljesse@barrett.info,2021-04-15,2021,4,15
37Ec4B395641c1E,Lori,Flowers,North Joeburgh,Namibia,tyrone77@valenzuela.info,2021-01-09,2021,1,9
5ef6d3eefdD43bE,Nina,Chavez,Cassidychester,Bhutan,elliserica@frank.com,2020-03-26,2020,3,26
98b3aeDcC3B9FF3,Shane,Foley,South Dannymouth,Hungary,nsteele@sparks.com,2021-07-06,2021,7,6
aAb6AFc7AfD0fF3,Collin,Ayers,South Lonnie,Anguilla,dudleyemily@gonzales.biz,2021-06-29,2021,6,29
54B5B5Fe9F1B6C5,Sherry,Young,Frankchester,Solomon Islands,alan79@gates-mclaughlin.com,2021-04-04,2021,4,4
BE91A0bdcA49Bbc,Darrell,Douglas,Daisyborough,Mali,grayjean@lowery-good.com,2022-02-17,2022,2,17
cb8E23e48d22Eae,Karl,Greer,East Richard,Guyana,hhart@jensen.com,2022-01-30,2022,1,30
CeD220bdAaCfaDf,Lynn,Atkinson,New Bradview,Sri Lanka,vkemp@ferrell.com,2021-07-10,2021,7,10
28CDbC0dFe4b1Db,Fred,Guerra,Ortegaland,Solomon Islands,swagner@kane.org,2021-09-18,2021,9,18
c23d1D9EE8DEB0A,Yvonne,Farmer,Lake Elijahview,Aruba,mccarthystephen@horn-green.biz,2021-08-11,2021,8,11
2354a0E336A91A1,Clarence,Haynes,Judymouth,Honduras,colleen91@faulkner.biz,2020-03-11,2020,3,11
